Repo Name,Reason
jazzband/django-hosts,No matching topics
archlinuxarm/PKGBUILDs,No matching topics
neo4j-contrib/neomodel,No matching topics
coderholic/pyradio,No matching topics
EventSource/eventsource,No matching topics
rear/rear,No matching topics
salesforce/tough-cookie,No matching topics
googleads/googleads-mobile-ios-examples,No matching topics
brian-team/brian2,No matching topics
GafferHQ/gaffer,No matching topics
GoogleCloudPlatform/php-docs-samples,No matching topics
kimwalisch/primesieve,No matching topics
libass/libass,No matching topics
jonreid/OCMockito,No matching topics
AcademySoftwareFoundation/rez,No matching topics
piotrnar/gocoin,No matching topics
heroku/heroku-buildpack-python,No matching topics
RobotWebTools/rosbridge_suite,No matching topics
robotframework/RIDE,No matching topics
Sustainsys/Saml2,No matching topics
feincms/feincms,No matching topics
urschrei/pyzotero,No matching topics
reactiveui/splat,No matching topics
togglz/togglz,No matching topics
rails-sqlserver/activerecord-sqlserver-adapter,No matching topics
krakjoe/apcu,No matching topics
newrelic/node-newrelic,No matching topics
arq5x/bedtools2,No matching topics
AddictedCS/soundfingerprinting,No matching topics
tsliwowicz/go-wrk,No matching topics
pocl/pocl,No matching topics
SIPp/sipp,No matching topics
CellProfiler/CellProfiler,No matching topics
ros/rosdistro,No matching topics
akeneo/pim-community-dev,No matching topics
riscv-software-src/riscv-tests,No matching topics
fontforge/designwithfontforge.com,No matching topics
audacious-media-player/audacious,No matching topics
apache/cordova-plugin-camera,No matching topics
pydata/patsy,No matching topics
JessicaTegner/pypandoc,No matching topics
ebroecker/canmatrix,No matching topics
oroinc/crm-application,No matching topics
getsentry/sentry-ruby,No matching topics
openSUSE/snapper,No matching topics
pallets-eco/flask-debugtoolbar,No matching topics
freebasic/fbc,No matching topics
unitedstates/congress,No matching topics
deajan/osync,No matching topics
sscarduzio/elasticsearch-readonlyrest-plugin,No matching topics
flashrom/flashrom,No matching topics
increpare/PuzzleScript,No matching topics
mopidy/mopidy-spotify,No matching topics
krzyzanowskim/OpenSSL,No matching topics
KhronosGroup/KTX-Software,No matching topics
camping/camping,No matching topics
dartsim/dart,No matching topics
sunpy/sunpy,No matching topics
SolrNet/SolrNet,No matching topics
maxmind/libmaxminddb,No matching topics
prometheus/statsd_exporter,No matching topics
opencv/opencv_extra,No matching topics
SimpleITK/SimpleITK,No matching topics
SAML-Toolkits/ruby-saml,No matching topics
binford2k/showoff,No matching topics
ubernostrum/django-registration,No matching topics
CasparCG/server,No matching topics
shashwatak/satellite-js,No matching topics
tschoffelen/php-pkpass,No matching topics
solariumphp/solarium,No matching topics
hannorein/rebound,No matching topics
pspdev/pspsdk,No matching topics
cmangos/mangos-classic,No matching topics
GitLabPHP/Client,No matching topics
tlsfuzzer/python-ecdsa,No matching topics
galkahana/PDF-Writer,No matching topics
Washi1337/AsmResolver,No matching topics
alphagov/whitehall,No matching topics
cms-dev/cms,No matching topics
spring-projects/spring-data-rest,No matching topics
dlbeer/quirc,No matching topics
apex-enterprise-patterns/fflib-apex-common,No matching topics
IQSS/dataverse,No matching topics
apereo/java-cas-client,No matching topics
pcapriotti/optparse-applicative,No matching topics
datasets/country-codes,No matching topics
rhboot/shim,No matching topics
MyIntervals/emogrifier,No matching topics
rack/rack-test,No matching topics
scikit-bio/scikit-bio,No matching topics
dncuug/X.PagedList,No matching topics
matteobaccan/owner,No matching topics
JuliaDiff/ForwardDiff.jl,No matching topics
wildfly/quickstart,No matching topics
mtotschnig/MyExpenses,No matching topics
Meteor-Community-Packages/meteor-simple-schema,No matching topics
lightbend-labs/scala-logging,No matching topics
lukas-krecan/JsonUnit,No matching topics
SALib/SALib,No matching topics
Haehnchen/idea-php-symfony2-plugin,No matching topics
webdriverio/selenium-standalone,No matching topics
gcovr/gcovr,No matching topics
feathersui/feathersui-starling,No matching topics
shadowsocks/shadowsocks-org,No matching topics
hapi-swagger/hapi-swagger,No matching topics
nroduit/Weasis,No matching topics
snoyberg/conduit,No matching topics
dwijnand/sbt-extras,No matching topics
mineadmin/MineAdmin,No matching topics
fast-pack/FastPFOR,No matching topics
apache/mina,No matching topics
miki151/keeperrl,No matching topics
enriclluelles/route_translator,No matching topics
apache/incubator-stormcrawler,No matching topics
rakshasa/libtorrent,No matching topics
gma/nesta,No matching topics
php/web-php,No matching topics
jshiell/checkstyle-idea,No matching topics
coreos/rpm-ostree,No matching topics
jrief/django-websocket-redis,No matching topics
interagent/committee,No matching topics
stravalib/stravalib,No matching topics
ruby/www.ruby-lang.org,No matching topics
yquake2/yquake2,No matching topics
p-m-p/slider,No matching topics
openlink/virtuoso-opensource,No matching topics
traccar/traccar-web,No matching topics
naev/naev,No matching topics
iproute2/iproute2,No matching topics
openSUSE/osem,No matching topics
proper-testing/proper,No matching topics
jrfonseca/xdot.py,No matching topics
bugsnag/bugsnag-laravel,No matching topics
GoogleCloudPlatform/gsutil,No matching topics
fieldtrip/fieldtrip,No matching topics
metabrainz/musicbrainz-server,No matching topics
Catel/Catel,No matching topics
OpenUserJS/OpenUserJS.org,No matching topics
dotCMS/core,No matching topics
FluentLenium/FluentLenium,No matching topics
nats-io/nats.rb,No matching topics
certifi/python-certifi,No matching topics
AfterShip/phone,No matching topics
libreswan/libreswan,No matching topics
translate/translate,No matching topics
r-tmap/tmap,No matching topics
lamw/vmware-scripts,No matching topics
GNS3/gns3-server,No matching topics
json-ld/json-ld.org,No matching topics
bchew/dynamodump,No matching topics
ruby-amqp/hutch,No matching topics
node-saml/passport-saml,No matching topics
awesomemotive/easy-digital-downloads,No matching topics
MariaDB4j/MariaDB4j,No matching topics
lemire/Code-used-on-Daniel-Lemire-s-blog,No matching topics
apache/causeway,No matching topics
steve-community/steve,No matching topics
micheles/decorator,No matching topics
bugsnag/bugsnag-js,No matching topics
savoirfairelinux/num2words,No matching topics
thelia/thelia,No matching topics
EngineHub/WorldGuard,No matching topics
AlchemyCMS/alchemy_cms,No matching topics
jenetics/jenetics,No matching topics
FirelyTeam/firely-net-sdk,No matching topics
isaacs/node-tar,No matching topics
InsightSoftwareConsortium/SimpleITK-Notebooks,No matching topics
javalite/javalite,No matching topics
lemenkov/libyuv,No matching topics
openstates/openstates-scrapers,No matching topics
nengo/nengo,No matching topics
spring-projects/spring-net,No matching topics
pkp/ojs,No matching topics
pinterest/snappass,No matching topics
ruby/rdoc,No matching topics
PSDev/LicensesDialog,No matching topics
django/django-localflavor,No matching topics
GNOME/gnome-shell,No matching topics
stripe/stripe-java,No matching topics
pymssql/pymssql,No matching topics
quanteda/quanteda,No matching topics
be9/acl9,No matching topics
lwindolf/liferea,No matching topics
ReactiveMongo/ReactiveMongo,No matching topics
yajra/laravel-oci8,No matching topics
yesodweb/wai,No matching topics
djangopackages/djangopackages,No matching topics
chamilo/chamilo-lms,No matching topics
mpi4py/mpi4py,No matching topics
datasets/awesome-data,No matching topics
vatesfr/xen-orchestra,No matching topics
spring-projects/spring-data-neo4j,No matching topics
msoos/cryptominisat,No matching topics
samtools/htslib,No matching topics
tminglei/slick-pg,No matching topics
domoritz/leaflet-locatecontrol,No matching topics
Glitchfiend/BiomesOPlenty,No matching topics
pyvisa/pyvisa,No matching topics
strathausen/dracula,No matching topics
ligi/PassAndroid,No matching topics
twisted/klein,No matching topics
fsprojects/FSharp.Data,No matching topics
x3dom/x3dom,No matching topics
CppMicroServices/CppMicroServices,No matching topics
xapian/xapian,No matching topics
zotonic/zotonic,No matching topics
caesar0301/treelib,No matching topics
mongodb/mongo-c-driver,No matching topics
brandon-rhodes/pyephem,No matching topics
SonarSource/sonar-dotnet,No matching topics
DragonMinded/libdragon,No matching topics
easymock/easymock,No matching topics
jolokia/jolokia,No matching topics
qcadoo/mes,No matching topics
restforce/restforce,No matching topics
openmc-dev/openmc,No matching topics
spohlenz/tinymce-rails,No matching topics
jrief/django-admin-sortable2,No matching topics
rails/sdoc,No matching topics
jasp-stats/jasp-desktop,No matching topics
spring-projects/spring-amqp,No matching topics
Baeldung/rest-with-spring-boot,No matching topics
coddingtonbear/python-myfitnesspal,No matching topics
jazzband/django-avatar,No matching topics
etetoolkit/ete,No matching topics
textpattern/textpattern,No matching topics
samrocketman/gitlab-mirrors,No matching topics
openresty/lua-resty-core,No matching topics
veusz/veusz,No matching topics
ged/ruby-pg,No matching topics
frej/fast-export,No matching topics
freeglut/freeglut,No matching topics
torproject/torbrowser-launcher,No matching topics
fiji/fiji,No matching topics
scodec/scodec,No matching topics
heroku/heroku-buildpack-php,No matching topics
tanghaibao/jcvi,No matching topics
groonga/groonga,No matching topics
openwdl/wdl,No matching topics
maxmind/GeoIP2-java,No matching topics
pillarjs/send,No matching topics
frida/frida-python,No matching topics
tuna/mirror-web,No matching topics
persian-calendar/persian-calendar,No matching topics
sparklemotion/sqlite3-ruby,No matching topics
frida/frida-gum,No matching topics
spring-projects/spring-data-commons,No matching topics
dejan/auto_html,No matching topics
twitter/scrooge,No matching topics
kivy/kivy-ios,No matching topics
structr/structr,No matching topics
pinterest/pymemcache,No matching topics
playsms/playsms,No matching topics
nwjs/grunt-nw-builder,No matching topics
sebbo2002/ical-generator,No matching topics
frescobaldi/frescobaldi,No matching topics
yeoman/yeoman.io,No matching topics
heroku/heroku-buildpack-go,No matching topics
openfl/lime,No matching topics
Gethe/wow-ui-source,No matching topics
heroku/heroku-buildpack-ruby,No matching topics
bastibl/gr-ieee802-11,No matching topics
fsprojects/fantomas,No matching topics
neo4j-contrib/spatial,No matching topics
spockframework/spock-example,No matching topics
wala/WALA,No matching topics
techlab/jquery-smartwizard,No matching topics
eclipse-xtext/xtext,No matching topics
pixelb/scripts,No matching topics
quickfixgo/quickfix,No matching topics
openglobus/openglobus,No matching topics
keyboardio/Kaleidoscope,No matching topics
rime/ibus-rime,No matching topics
xuhuisheng/sonar-l10n-zh,No matching topics
nipy/nipype,No matching topics
snowballstem/snowball,No matching topics
qooxdoo/qooxdoo,No matching topics
DragonBones/DragonBonesJS,No matching topics
mislav/poignant-guide,No matching topics
sfepy/sfepy,No matching topics
serge1/ELFIO,No matching topics
TeamMsgExtractor/msg-extractor,No matching topics
spaam/svtplay-dl,No matching topics
servo/rust-cssparser,No matching topics
msgpack/msgpack-ruby,No matching topics
projectblacklight/blacklight,No matching topics
numixproject/numix-core,No matching topics
hspec/hspec,No matching topics
ndmitchell/hoogle,No matching topics
freebsd/pkg,No matching topics
KnpLabs/knp-components,No matching topics
frankmorgner/vsmartcard,No matching topics
pboyer/verb,No matching topics
GothenburgBitFactory/bugwarrior,No matching topics
softwaremill/bootzooka,No matching topics
0ldsk00l/nestopia,No matching topics
scikit-rf/scikit-rf,No matching topics
tidyverse/lubridate,No matching topics
vintasoftware/django-templated-email,No matching topics
gromacs/gromacs,No matching topics
asciidoctor/asciidoctor.js,No matching topics
benfulcher/hctsa,No matching topics
RcppCore/Rcpp,No matching topics
unofficial-unifi/unifi-pfsense,No matching topics
danielaparker/jsoncons,No matching topics
robo-code/robocode,No matching topics
restfb/restfb,No matching topics
apache/wicket,No matching topics
glue-viz/glue,No matching topics
osmlab/name-suggestion-index,No matching topics
Exim/exim,No matching topics
ytai/ioio,No matching topics
MongoEngine/django-mongoengine,No matching topics
jirutka/rsql-parser,No matching topics
dipy/dipy,No matching topics
JulyIghor/QtBitcoinTrader,No matching topics
ocsigen/lwt,No matching topics
biwascheme/biwascheme,No matching topics
rdiankov/openrave,No matching topics
ErichStyger/mcuoneclipse,No matching topics
mongodb/docs,No matching topics
nick8325/quickcheck,No matching topics
ignatov/intellij-erlang,No matching topics
SimonKagstrom/kcov,No matching topics
ldx/python-iptables,No matching topics
Kapeli/feeds,No matching topics
ReturnInfinity/BareMetal-OS,No matching topics
omniscale/imposm3,No matching topics
riscv/riscv-opcodes,No matching topics
rstudio/shiny-server,No matching topics
samtools/bcftools,No matching topics
micke/valid_email2,No matching topics
sirjuddington/SLADE,No matching topics
parroty/exvcr,No matching topics
r-lib/pkgdown,No matching topics
speced/respec,No matching topics
mbulat/plutus,No matching topics
googlemaps/google-maps-ios-utils,No matching topics
etorreborre/specs2,No matching topics
openfoodfacts/openfoodfacts-server,No matching topics
MythTV/mythtv,No matching topics
beagleboard/linux,No matching topics
mirage/ocaml-cohttp,No matching topics
spookylukey/django-paypal,No matching topics
sumeetchhetri/ffead-cpp,No matching topics
adventuregamestudio/ags,No matching topics
rdfjs/N3.js,No matching topics
cesanta/frozen,No matching topics
RobotWebTools/roslibjs,No matching topics
jenkinsci/build-monitor-plugin,No matching topics
ComputationalRadiationPhysics/picongpu,No matching topics
CZ-NIC/pyoidc,No matching topics
astropy/astroquery,No matching topics
PKRoma/ProcessHacker,No matching topics
rmyorston/busybox-w32,No matching topics
mongodb-labs/flask-pymongo,No matching topics
geocoder-php/GeocoderLaravel,No matching topics
wikimedia/jquery.i18n,No matching topics
MoarVM/MoarVM,No matching topics
silverstripe/silverstripe-framework,No matching topics
mentebinaria/readpe,No matching topics
ruby/json,No matching topics
voxpupuli/puppetboard,No matching topics
pact-foundation/pact_broker,No matching topics
ATLauncher/ATLauncher,No matching topics
sbt/sbt-eclipse,No matching topics
StanfordLegion/legion,No matching topics
BaseXdb/basex,No matching topics
chocoteam/choco-solver,No matching topics
weiran/Hackers,No matching topics
anaynayak/aws-security-viz,No matching topics
gijzelaerr/python-snap7,No matching topics
deeptools/deepTools,No matching topics
bminor/bash,No matching topics
edicl/hunchentoot,No matching topics
rapid7/recog,No matching topics
ucb-bar/riscv-sodor,No matching topics
cloudbase/windows-imaging-tools,No matching topics
lichess-org/scalachess,No matching topics
bencevans/node-sonos,No matching topics
openboxes/openboxes,No matching topics
inaturalist/inaturalist,No matching topics
google/compile-testing,No matching topics
JuliaCollections/DataStructures.jl,No matching topics
splunk/splunk-sdk-python,No matching topics
taffybar/taffybar,No matching topics
apache/commons-collections,No matching topics
clojure-emacs/cider-nrepl,No matching topics
ushahidi/platform,No matching topics
pylast/pylast,No matching topics
JetBrains/jediterm,No matching topics
openstack/keystone,No matching topics
SFDO-Community/declarative-lookup-rollup-summaries,No matching topics
ncclient/ncclient,No matching topics
erlware/relx,No matching topics
ibillingsley/HumbleNewTabPage,No matching topics
streetmix/streetmix,No matching topics
kichik/nsis,No matching topics
ontop/ontop,No matching topics
Juniper/py-junos-eznc,No matching topics
libtom/libtommath,No matching topics
nipy/nibabel,No matching topics
heroku/heroku-repo,No matching topics
CenterForOpenScience/osf.io,No matching topics
dlang/dub,No matching topics
jonashaag/klaus,No matching topics
makinacorpus/django-safedelete,No matching topics
saxix/django-adminactions,No matching topics
DGivney/assemblytutorials,No matching topics
DataTables/DataTablesSrc,No matching topics
twilio/twilio-csharp,No matching topics
algolia/algoliasearch-client-php,No matching topics
koopjs/koop,No matching topics
WonderCMS/wondercms,No matching topics
cakephp/docs,No matching topics
chenall/grub4dos,No matching topics
apache/karaf,No matching topics
forge/roaster,No matching topics
chef/ohai,No matching topics
mutewinter/dot_vim,No matching topics
libMesh/libmesh,No matching topics
daft-dev/daft,No matching topics
mganss/XmlSchemaClassGenerator,No matching topics
intel/libipt,No matching topics
invesalius/invesalius3,No matching topics
Sefaria/Sefaria-Project,No matching topics
wmixvideo/nfe,No matching topics
OpenHFT/Java-Runtime-Compiler,No matching topics
jenkinsci/git-plugin,No matching topics
johnmichel/Library-Detector-for-Chrome,No matching topics
groovy/groovy-eclipse,No matching topics
RTEMS/rtems,No matching topics
poweradmin/poweradmin,No matching topics
jenkinsci/slack-plugin,No matching topics
samtools/hts-specs,No matching topics
django-haystack/pysolr,No matching topics
wspurgin/rspec-sidekiq,No matching topics
GoogleChrome/chromium-dashboard,No matching topics
w3c/manifest,No matching topics
jacebrowning/template-python,No matching topics
igvteam/igv,No matching topics
thomasdavis/kaleistyleguide,No matching topics
cping/LGame,No matching topics
wikimedia/pywikibot,No matching topics
thunderbird-conversations/thunderbird-conversations,No matching topics
milkshakesoftware/PreMailer.Net,No matching topics
fastavro/fastavro,No matching topics
jazzband/django-user-sessions,No matching topics
JodaOrg/joda-money,No matching topics
scala/scala-parser-combinators,No matching topics
oesmith/puffing-billy,No matching topics
DionysiosB/CodeForces,No matching topics
oroinc/crm,No matching topics
sumoheavy/jira-ruby,No matching topics
square/shuttle,No matching topics
datamade/census,No matching topics
travis-ci/travis-cookbooks,No matching topics
woocommerce/action-scheduler,No matching topics
travis-ci/travis-build,No matching topics
geoalchemy/geoalchemy2,No matching topics
openstack/cinder,No matching topics
restlet/restlet-framework-java,No matching topics
auth0/node-auth0,No matching topics
OpenHFT/OpenHFT,No matching topics
jumbojett/OpenID-Connect-PHP,No matching topics
HOL-Theorem-Prover/HOL,No matching topics
nuxeo/nuxeo,No matching topics
tumblr/tumblr.js,No matching topics
frida/frida-core,No matching topics
AutoHotkey/Ahk2Exe,No matching topics
sbt/sbt-release,No matching topics
libguestfs/libguestfs,No matching topics
daqing/rabel,No matching topics
ThrowTheSwitch/Ceedling,No matching topics
lme4/lme4,No matching topics
UnkindPartition/tasty,No matching topics
resiprocate/resiprocate,No matching topics
LEOYoon-Tsaw/Rime_collections,No matching topics
CorfuDB/CorfuDB,No matching topics
coccinelle/coccinelle,No matching topics
awslabs/amazon-kinesis-client,No matching topics
json-schema-org/JSON-Schema-Test-Suite,No matching topics
liip/LiipFunctionalTestBundle,No matching topics
Toblerity/rtree,No matching topics
SolidInvoice/SolidInvoice,No matching topics
recurly/recurly-js,No matching topics
unitedstates/contact-congress,No matching topics
moment/momentjs.com,No matching topics
lighttpd/lighttpd1.4,No matching topics
cloudinary/cloudinary_npm,No matching topics
aporat/store-receipt-validator,No matching topics
SimpleMachines/SMF,No matching topics
NLPchina/elasticsearch-analysis-ansj,No matching topics
vcflib/vcflib,No matching topics
CitizensDev/Citizens2,No matching topics
jpos/jPOS,No matching topics
SciTools/iris,No matching topics
gamedig/node-gamedig,No matching topics
ZakKemble/AVRDUDESS,No matching topics
romgar/django-dirtyfields,No matching topics
wvengen/proguard-maven-plugin,No matching topics
chaijs/chai-http,No matching topics
adjust/ios_sdk,No matching topics
oroinc/platform,No matching topics
apache/cordova-js,No matching topics
lldpd/lldpd,No matching topics
GNOME/libxml2,No matching topics
apache/bigtop,No matching topics
civicrm/civicrm-core,No matching topics
mdtraj/mdtraj,No matching topics
diefenbach/django-lfs,No matching topics
progval/Limnoria,No matching topics
gregkh/kernel-development,No matching topics
lxqt/qterminal,No matching topics
AndBible/and-bible,No matching topics
bjc/prosody,No matching topics
imagej/ImageJ,No matching topics
pallets-eco/flask-mail,No matching topics
gottcode/focuswriter,No matching topics
weppos/publicsuffix-ruby,No matching topics
sitespeedio/browsertime,No matching topics
chebfun/chebfun,No matching topics
KentonWhite/ProjectTemplate,No matching topics
documentcloud/underscore-contrib,No matching topics
Countly/countly-sdk-ios,No matching topics
chrisboyle/sgtpuzzles,No matching topics
eonpatapon/gnome-shell-extension-caffeine,No matching topics
Irqbalance/irqbalance,No matching topics
SonarSource/sonarlint-intellij,No matching topics
w3c/webappsec,No matching topics
babakhani/pwt.datepicker,No matching topics
riscv-software-src/riscv-pk,No matching topics
Xilinx/u-boot-xlnx,No matching topics
seuros/capistrano-puma,No matching topics
xLightsSequencer/xLights,No matching topics
ajdamico/asdfree,No matching topics
glejeune/Ruby-Graphviz,No matching topics
cytoscape/cytoscape,No matching topics
mm2/Little-CMS,No matching topics
brendanhay/amazonka,No matching topics
JuliaStats/GLM.jl,No matching topics
MonoGame/MonoGame.Samples,No matching topics
pylint-dev/pylint-django,No matching topics
travis-ci/travis-web,No matching topics
geany/geany-plugins,No matching topics
ruby/spec,No matching topics
FalconChristmas/fpp,No matching topics
bkaradzic/bx,No matching topics
danirus/django-comments-xtd,No matching topics
scalate/scalate,No matching topics
open-mpi/hwloc,No matching topics
tordanik/OSM2World,No matching topics
nusmodifications/nusmods,No matching topics
biojava/biojava,No matching topics
adjust/android_sdk,No matching topics
airlift/airlift,No matching topics
BNFC/bnfc,No matching topics
linux-sunxi/sunxi-tools,No matching topics
leenooks/phpLDAPadmin,No matching topics
pyamg/pyamg,No matching topics
thorsten/phpMyFAQ,No matching topics
vz-risk/veris,No matching topics
emacs-php/php-mode,No matching topics
mozilla-services/socorro,No matching topics
owncloud/music,No matching topics
SparkDevNetwork/Rock,No matching topics
perfectline/validates_url,No matching topics
mapproxy/mapproxy,No matching topics
fsprojects/SQLProvider,No matching topics
adaptlearning/adapt_framework,No matching topics
airlift/aircompressor,No matching topics
fonttools/fontbakery,No matching topics
ethereum/tests,No matching topics
lookfirst/sardine,No matching topics
openboleto/openboleto,No matching topics
infinitest/infinitest,No matching topics
LiberatedPixelCup/Universal-LPC-Spritesheet-Character-Generator,No matching topics
apache/subversion,No matching topics
mozilla/django-csp,No matching topics
FasterXML/jackson-dataformat-xml,No matching topics
hpcc-systems/HPCC-Platform,No matching topics
djaodjin/djaodjin-saas,No matching topics
waferbaby/usesthis,No matching topics
bminor/binutils-gdb,No matching topics
squeryl/squeryl,No matching topics
nasa/osal,No matching topics
buildout/buildout,No matching topics
tecnickcom/tcexam,No matching topics
igniterealtime/Spark,No matching topics
ninenines/erlang.mk,No matching topics
fisharebest/webtrees,No matching topics
mybatis/jpetstore-6,No matching topics
kdave/btrfs-progs,No matching topics
IdentityPython/pysaml2,No matching topics
ladislav-zezula/StormLib,No matching topics
smogon/pokemon-showdown-client,No matching topics
yeoman/generator-node,No matching topics
eskerda/pybikes,No matching topics
Payum/PayumBundle,No matching topics
zotero/zotero-connectors,No matching topics
rollbar/rollbar.js,No matching topics
Dexus/pem,No matching topics
Imagick/imagick,No matching topics
linkeddata/rdflib.js,No matching topics
approvals/ApprovalTests.Net,No matching topics
cometd/cometd,No matching topics
babakhani/PersianDate,No matching topics
illuminate/support,No matching topics
ruby/psych,No matching topics
DarrenOfficial/dpaste,No matching topics
mollie/mollie-api-php,No matching topics
rockstor/rockstor-core,No matching topics
freifunk-gluon/gluon,No matching topics
cvxgrp/scs,No matching topics
scala/docs.scala-lang,No matching topics
datalad/datalad,No matching topics
vivet/GoogleApi,No matching topics
yegor256/rultor,No matching topics
davidB/scala-maven-plugin,No matching topics
braintree/braintree_ios,No matching topics
wiremod/wire,No matching topics
snowplow/snowplow-javascript-tracker,No matching topics
Washington-University/HCPpipelines,No matching topics
mistydemeo/tigerbrew,No matching topics
undera/jmeter-plugins,No matching topics
ComparativeGenomicsToolkit/cactus,No matching topics
TheKevJames/coveralls-python,No matching topics
mirror/dd-wrt,No matching topics
open-iscsi/open-iscsi,No matching topics
Automattic/sensei,No matching topics
jogetworkflow/jw-community,No matching topics
DragonFlyBSD/DragonFlyBSD,No matching topics
rails/activerecord-session_store,No matching topics
whatwg/url,No matching topics
zentyal/zentyal,No matching topics
frePPLe/frepple,No matching topics
Embroidermodder/Embroidermodder,No matching topics
hazelcast/hazelcast-code-samples,No matching topics
playframework/twirl,No matching topics
lostisland/faraday_middleware,No matching topics
ThreeTen/threetenbp,No matching topics
haiwen/seahub,No matching topics
leikind/wice_grid,No matching topics
robotology/yarp,No matching topics
damianszczepanik/cucumber-reporting,No matching topics
EnterpriseDB/mysql_fdw,No matching topics
FriendsOfCake/cakephp-upload,No matching topics
pubnub/javascript,No matching topics
canboat/canboat,No matching topics
splorp/wordpress-comment-blacklist,No matching topics
confluentinc/librdkafka,No matching topics
sous-chefs/nginx,No matching topics
libcsp/libcsp,No matching topics
openfootball/worldcup,No matching topics
Azure/WALinuxAgent,No matching topics
krb5/krb5,No matching topics
forcedotcom/SalesforceMobileSDK-iOS,No matching topics
sahlberg/libnfs,No matching topics
qiniu/python-sdk,No matching topics
openSUSE/libsolv,No matching topics
francoisjacquet/rosariosis,No matching topics
SemanticMediaWiki/SemanticMediaWiki,No matching topics
datasets/s-and-p-500-companies,No matching topics
osmcode/osmium-tool,No matching topics
inducer/meshpy,No matching topics
argonaut-io/argonaut,No matching topics
ARM-DOE/pyart,No matching topics
Unidata/netcdf-c,No matching topics
firedrakeproject/firedrake,No matching topics
karma-runner/karma-jasmine,No matching topics
jasmine/jasmine-ajax,No matching topics
marcelm/cutadapt,No matching topics
beeware/beeware.github.io,No matching topics
composer/getcomposer.org,No matching topics
studiopress/genesis-sample,No matching topics
Kode/Kore,No matching topics
yuriykulikov/AlarmClock,No matching topics
google/protobuf.dart,No matching topics
oVirt/ovirt-engine,No matching topics
simpeg/simpeg,No matching topics
xmppo/go-xmpp,No matching topics
commercialhaskell/stackage,No matching topics
MinecraftForge/ForgeGradle,No matching topics
mapnik/node-mapnik,No matching topics
xelerance/xl2tpd,No matching topics
bndtools/bnd,No matching topics
JuliaMath/openlibm,No matching topics
gammu/gammu,No matching topics
plk/biblatex,No matching topics
hyperspy/hyperspy,No matching topics
sosreport/sos,No matching topics
mysociety/fixmystreet,No matching topics
bbangert/beaker,No matching topics
adamdruppe/arsd,No matching topics
dfm/corner.py,No matching topics
alkacon/opencms-core,No matching topics
tcurdt/jdeb,No matching topics
emlog/emlog,No matching topics
ubergeek42/weechat-android,No matching topics
NREL/OpenStudio,No matching topics
fablabnbg/inkscape-silhouette,No matching topics
jcabi/jcabi-aspects,No matching topics
ocaml/opam-repository,No matching topics
apache/commons-pool,No matching topics
NeoGeographyToolkit/StereoPipeline,No matching topics
openmm/pdbfixer,No matching topics
adaptlearning/adapt_authoring,No matching topics
eclipse-kura/kura,No matching topics
project-satisfy/satisfy,No matching topics
gitlabhq/gitlab-shell,No matching topics
acpica/acpica,No matching topics
OpenSlides/OpenSlides,No matching topics
ScalaMock/ScalaMock,No matching topics
YAFNET/YAFNET,No matching topics
TACC/Lmod,No matching topics
openrisc/mor1kx,No matching topics
czproject/git-php,No matching topics
arthurdejong/python-stdnum,No matching topics
cefsharp/CefSharp.MinimalExample,No matching topics
orbeon/orbeon-forms,No matching topics
CakeDC/users,No matching topics
cdk/cdk,No matching topics
pkgconf/pkgconf,No matching topics
lxqt/qtermwidget,No matching topics
strohne/Facepager,No matching topics
PyCQA/pep8-naming,No matching topics
dxx-rebirth/dxx-rebirth,No matching topics
jazzband/django-sortedm2m,No matching topics
frictionlessdata/datapackage,No matching topics
openstack/glance,No matching topics
php-coveralls/php-coveralls,No matching topics
GibbonEdu/core,No matching topics
Turbo87/utm,No matching topics
ahochsteger/gmail-processor,No matching topics
tendenci/tendenci,No matching topics
hibernate/hibernate-search,No matching topics
pokerth/pokerth,No matching topics
django-getpaid/django-plans,No matching topics
silverstripe/silverstripe-cms,No matching topics
aspose-words/Aspose.Words-for-.NET,No matching topics
labexp/osmtracker-android,No matching topics
sunpinyin/sunpinyin,No matching topics
jenkinsci/ghprb-plugin,No matching topics
yalmip/YALMIP,No matching topics
Koha-Community/Koha,No matching topics
laurenz/oracle_fdw,No matching topics
forcedotcom/dataloader,No matching topics
dimagi/commcare-hq,No matching topics
DataDog/documentation,No matching topics
doorstop-dev/doorstop,No matching topics
qgis/QGIS-Documentation,No matching topics
modelica/ModelicaStandardLibrary,No matching topics
parasew/instiki,No matching topics
openstack/ironic,No matching topics
nette/forms,No matching topics
OneBusAway/onebusaway-android,No matching topics
cfengine/core,No matching topics
orafce/orafce,No matching topics
wxMaxima-developers/wxmaxima,No matching topics
omeka/Omeka,No matching topics
FasterXML/jackson-module-scala,No matching topics
twilio/twilio-java,No matching topics
apache/apr,No matching topics
