Topic,Count
python,78
hacktoberfest,69
java,59
javascript,36
php,32
c,29
ruby,26
scala,15
django,14
cross-platform,14
c-plus-plus,13
linux,12
open-source,11
nodejs,10
cpp,10
c-sharp,10
html,10
database,10
android,10
json,9
cms,8
bioinformatics,8
ios,8
symfony,8
library,7
api,7
go,7
web,7
erlang,7
lua,7
framework,7
windows,7
r,6
macos,6
postgresql,6
testing,6
heroku,6
crash-reporting,6
xml,6
mobile,6
content-management-system,5
golang,5
dotnet,5
mysql,5
docker,5
validation,5
email,5
haskell,5
security,5
markdown,5
spring,5
objective-c,5
sms,5
rails,5
game,5
git,4
video,4
service,4
minecraft,4
build-tool,4
data-science,4
ddd,4
optimization,4
error-monitoring,4
rest-api,4
openstreetmap,4
unix,4
buildpack,4
heroku-languages,4
react,4
osgi,4
typescript,4
neuroimaging,4
package-manager,4
travis-ci,4
elasticsearch,4
maven-plugin,4
opensource,4
stripe,4
high-performance,4
medical-imaging,4
dicom,4
network,4
protocol,4
solr,4
visualization,4
wordpress,4
genomics,4
sdk,3
cocoapods,3
html5,3
data-visualization,3
game-engine,3
registration,3
erp,3
websockets,3
debug,3
scientific-computing,3
segmentation,3
freebsd,3
simulation,3
packaging,3
json-parser,3
commons,3
neo4j,3
authentication,3
fsharp,3
maps,3
cli,3
school,3
aws,3
backup,3
python3,3
mariadb,3
web-framework,3
csv,3
api-client,3
kotlin,3
xmpp,3
graph,3
web-development,3
rss,3
mongodb,3
oracle,3
elearning,3
i18n,3
phone,3
cloud,3
statistics,3
parser,3
spring-data,3
css,3
julia,3
sbt,3
intellij,3
coverage,3
documentation,3
gis,3
http,3
chrome,3
instrumentation,3
sqlite,3
sparql,3
error-handling,3
laravel,3
matlab,3
web-application,3
data-analysis,3
neuroscience,3
bsd,3
samples,3
solver,3
python-library,3
code-generation,3
eclipse,3
ocaml,3
mapping,3
search,3
sql,3
closember,3
multi-platform,3
sbt-plugin,3
template-engine,2
twiml,2
gamedev,2
sql-server,2
dicom-viewer,2
2d,2
passbook,2
linked-data,2
big-data,2
hpc,2
brain-imaging,2
unit-testing,2
gitlab,2
rpg,2
modding,2
cryptography,2
map,2
wordpress-plugin,2
math,2
geospatial,2
assembler,2
rdf,2
static-code-analysis,2
civic-tech,2
cplusplus,2
exceptions,2
smallcheck,2
artificial-intelligence,2
quickcheck,2
rails-engine,2
hunit,2
image-processing,2
itk,2
notifier,2
vue,2
platforms,2
variant-calling,2
tcl,2
mediawiki,2
nosql,2
admin,2
slideshow,2
communication,2
algorithm,2
netconf,2
package-management,2
static-analysis,2
perl,2
streaming,2
ecommerce,2
3d,2
messaging,2
voice,2
wireless,2
chef-cookbook,2
dashboard,2
configuration,2
twig,2
webapp,2
testing-tools,2
oroplatform,2
gradle,2
jquery,2
data-management,2
content-management,2
consumer,2
jetbrains,2
schema,2
reporting,2
client,2
intellij-plugin,2
spock,2
lwt,2
maven,2
await,2
autocomplete,2
mocking,2
c-plus-plus-17,2
nuget,2
mvc,2
malware-analysis,2
chef,2
cpp17,2
activerecord,2
portable-executable,2
reverse-engineering,2
continuous-delivery,2
d,2
competitive-programming,2
discovery,2
geo,2
configuration-management,2
programming-contests,2
visualisation,2
spatial,2
expressjs,2
logging,2
plc,2
translate,2
hibernate,2
cryptocurrency,2
chemistry,2
push-notifications,2
digital-humanities,2
cakephp,2
mms,2
telephony,2
twilio,2
exception-reporting,2
csharp,2
network-server,2
performance,2
fedora,2
iot,2
qt,2
music,2
packages,2
smtp,2
asynchronous,2
rails-application,2
open-science,2
rss-reader,2
modeling,2
geocoding,2
cbor,2
replication,2
pdb,2
frida,2
location,2
forum,2
cordova,2
shell,2
machine-learning,2
boost,2
netty,2
apache,2
ui,2
collaboration,2
swift,2
csp,2
unittesting,2
deb,2
wrapper,2
virtualization,2
management,2
nosetests,2
opendata,2
makefile,2
crm,2
netcdf,2
orocrm,2
bitcoin,2
verification,2
data,2
crash-reports,2
events,2
centos,2
node,2
mpi,2
lms,2
osm,2
transit,2
flask,2
wikidata,2
ngs,2
wallet,2
jsonschema,2
command-line-tool,2
functional-programming,2
documentation-tool,2
assembly,2
graphql,2
paypal,2
parsing,2
backend,2
watchos,2
eclipse-plugin,2
metrics,2
automation,2
wiki,2
http-client,2
opengl,2
nginx,2
low-code,2
bugs,2
scripting-language,2
bugsnag,2
crash,2
robotics,2
serialization,2
research,2
kotlin-android,2
astronomy,2
astropy,2
science,2
debugging-tool,2
tvos,2
emulation,2
tls,2
script,2
stack,2
typeprovider,2
gtk,2
groovy,2
errors,2
emulator,2
jabber,2
adapt,2
error-reporting,2
graphviz,2
physics-simulation,2
embedded-systems,1
plasma,1
embedded,1
dmx,1
dmx512,1
particle-in-cell,1
enttec,1
multiplatform,1
jfx,1
microcontroller,1
dmxking,1
dev,1
joda-money,1
cpp20,1
cortex-m,1
joda,1
streaming-acn,1
session-management,1
sacn,1
physics,1
stylesheets,1
pic,1
money,1
premailer,1
arduino,1
bare-metal,1
rdm,1
lighting,1
email-template,1
css3,1
thunderbird,1
conversations,1
cpp11,1
protobuf,1
wikipedia,1
cpp14,1
astropy-affiliated,1
wikia,1
ola,1
wikimedia,1
dx-sdk,1
realtime,1
paypal-ipn,1
web-optimization,1
video-upload,1
nutrition,1
video-transformation,1
video-transcoding,1
transform-images,1
recycling,1
responsive-images,1
optimize-images,1
npm-package,1
image-uploader,1
image-transformations,1
image-manipulation,1
image-compression,1
cloudinary-sdk,1
paypal-express-checkout,1
cdn,1
recurly,1
payments,1
quotes,1
invoicing-application,1
invoicing,1
invoice,1
amazon,1
itunes,1
receipt,1
crowdsourcing,1
iso8583,1
iso-8583,1
spigot,1
papermc,1
npc,1
minecraft-plugin,1
citizens-plugin,1
citizens,1
vcf-manipulation,1
haplotypecaller,1
environment,1
receipt-validation,1
genotyping,1
ansj-elasticsearch,1
ansj,1
smf,1
food,1
simplemachinesforum,1
food-products,1
simplemachines,1
mysqli,1
bsd-3-clause,1
billing-application,1
billing,1
particle-accelerator,1
symfony-bundle,1
action-scheduler,1
continuous-improvement,1
continuous-integration,1
educational-software,1
educational-erp,1
continuous-testing,1
education,1
college,1
monorepo,1
jenkins-ci,1
census-api,1
gpu,1
census,1
gpu-computing,1
laser,1
crm-system,1
crm-platform,1
codeforces-solutions,1
codeforces-com,1
codeforces,1
c-plusplus,1
parser-combinators,1
stm32,1
turtle,1
wordpress-development,1
restlet,1
forum-software,1
bundle,1
json-schema,1
amazon-kinesis,1
distributed-systems,1
distributed-database,1
datastore,1
consensus,1
golden-tests,1
unity,1
cmock,1
mercurial,1
authorization,1
vala,1
tumblr-api,1
tumblr,1
theorem-proving,1
lambda-calculus,1
serializer,1
higher-order-logic,1
openid-connect,1
openid,1
identity-verification,1
artnet,1
hackers,1
template,1
last-fm,1
basex,1
xml-database,1
xpath,1
xquery,1
real-time-strategy,1
rts,1
scrobble,1
pylast,1
librefm,1
libre-fm,1
libre,1
lastfm,1
nrepl-middleware,1
systray,1
nrepl,1
clojure,1
cider,1
rts-game,1
xmonad,1
scifi,1
xmobar,1
springrts,1
x11,1
upower,1
tiling-window-manager,1
taffybar,1
nextcloud-news,1
scrobbler,1
scrobbling,1
nextcloud-app,1
pyez,1
junos-pyez,1
junos-eznc,1
junos-automation,1
vkg,1
virtual-knowledge-graph,1
r2rml,1
minecraft-launcher,1
owl,1
ontop,1
obda,1
installer,1
modpacks,1
urban-planning,1
streetmix,1
city-planning,1
city-builder,1
webextension,1
firefox-extension,1
chrome-extension,1
official-python-netconf,1
nextcloud,1
ncclient,1
sfdosprint-amer-oct2021,1
official-osc-project,1
constraint-optimisation-problem,1
statusnotifieritem,1
project-creation,1
apple,1
home-automation,1
scala-3,1
lichess,1
chess,1
bitboard-datastructure,1
bitboard,1
regex,1
fingerprinting,1
webserver,1
common-lisp,1
rna-seq,1
chip-seq,1
appstore,1
mpris,1
hacker-news,1
snap7,1
siemens,1
s7,1
ctypes,1
viz,1
security-groups,1
ec2,1
aws-cli,1
iphone,1
hackernews,1
ipad,1
copr,1
sonos,1
disaster-response,1
grails,1
haskell-gi,1
gi-gtk,1
ewmh,1
dbus,1
appindicator,1
scripts,1
constraint-programming,1
constraint-satisfaction-problem,1
scripting,1
programming-language,1
language,1
constraint-solver,1
constraints,1
jit-interpreter,1
jit-compiler,1
interpreter,1
data-structures,1
backup-solution,1
web-server,1
unfiltered,1
jetty,1
warehouse-management,1
shipment-tracking,1
inventory-management,1
healthcare,1
libtommath,1
multi-precision,1
afni-brik-head,1
command-line,1
torah,1
talmud,1
jewish,1
tomography,1
tomographic-images,1
medical-image-processing,1
magnetic-resonance-imaging,1
xsd,1
xmlserializer,1
xml-schema,1
code-generator,1
wp-cli,1
finite-elements,1
atlauncher,1
finite-element-methods,1
finite-element-analysis,1
fem,1
rakudo,1
amr,1
vim-configuration,1
vm,1
vim-configs,1
vim,1
plug,1
dotfiles,1
ohai,1
cte,1
mdfe,1
nfe,1
sefaz,1
poetry,1
cookiecutter,1
features,1
solr-search,1
solr-client,1
pysolr,1
slack,1
powerdns-webui,1
powerdns-web-gui,1
powerdns-admin,1
powerdns,1
laravel-package,1
pdns,1
dns-administration,1
intl,1
java-virtual-machine,1
library-detector,1
jit,1
javascript-libraries,1
javascript-framework,1
detection,1
libuv,1
raku,1
browser-extension,1
scm,1
binary-analysis,1
karaf,1
malware-research,1
faceted-search,1
algolia,1
iso8583-java,1
consumer-driven-contracts,1
contract-testing,1
push-api,1
notifications,1
android-sdk,1
hal-browser,1
pact-broker,1
provider,1
zero-configuration,1
smartbear-supported,1
dub,1
openscience,1
django-rest-framework,1
heroku-cli-plugin,1
trk,1
tck,1
streamlines,1
nifti,1
minc,1
gifti,1
ecat,1
data-formats,1
cifti-2,1
algolia-search,1
geo-search,1
pe-file,1
search-engine,1
wondercms,1
website-builder,1
wcms,1
puppetdb,1
small,1
simple-website-builder,1
simple-website,1
simple,1
no-database,1
lightweight,1
landing-page-builder,1
flatfilecms,1
flat-file-cms,1
flat-file,1
fast,1
blog,1
server,1
geospatial-data,1
geojson-features,1
geojson,1
feature-service,1
etl,1
arcgishub,1
arcgis,1
search-synonyms,1
parallel,1
gost3411-2012,1
earth-science,1
worldcup2022,1
lod,1
knowledge-management,1
knowledge-graph,1
teachers,1
student-management,1
student-information-system,1
student,1
school-management,1
moodle,1
gradebook,1
educational-institutions,1
attendance-system,1
administration,1
worldcup2018,1
query,1
worldcup,1
russia2018,1
qatar2022,1
football,1
brazil2014,1
satellite,1
cubesat,1
managed-by-terraform,1
chef-resource,1
librdkafka,1
kafka-producer,1
kafka-consumer,1
kafka,1
mediawiki-extension,1
result-format,1
grib,1
unidata,1
multiphysics,1
modelling,1
magnetotellurics,1
linear-algebra,1
inversion,1
inverse-problems,1
induced-polarization,1
geoscience,1
geophysics,1
finite-volume,1
electromagnetics,1
direct-current-resistivity,1
unidata-netcdf,1
weather-radars,1
semantic,1
radar-processing,1
pyart,1
scalaz,1
argonaut,1
triangle,1
tetgen,1
mesh-generation,1
gmsh,1
wiki-database,1
smw,1
semantic-web,1
semantic-mediawiki,1
semantic-data,1
apache-kafka,1
wordpress-comments,1
spam-filtering,1
teaching,1
libembroidery,1
jef,1
glfw,1
embroidery,1
embroidermodder,1
dst,1
whatwg,1
url,1
standard,1
hammer2,1
hammer,1
dragonflybsd,1
no-code,1
sensei,1
comment-blocklist,1
otp,1
os,1
erlexec,1
erlang-processes,1
pytest,1
coveralls,1
plugins,1
loadtest,1
jmeter-plugin,1
jmeter,1
hcp-pipelines,1
hcp,1
tracker,1
machine-embroidery,1
pes,1
postscript-language,1
playframework,1
comment-blacklist,1
blocklist,1
blacklist,1
antispam,1
yachting,1
nmea2000,1
nmea0183,1
nmea-sentences,1
nmea-parser,1
n2k,1
boating,1
json-report,1
jenkins,1
html-report,1
cucumber-reports,1
yarp,1
robotics-libraries,1
robot,1
middleware,1
ipc,1
interprocess-communication,1
humanoids,1
human-robot-interaction,1
devices,1
twirl,1
template-library,1
template-language,1
partial-differential-equations,1
richards-equation,1
chat,1
compchem,1
commcare-hq,1
github,1
deprecated,1
gpx,1
orm,1
opensearch,1
lucene,1
hibernate-search,1
gmail,1
qt5,1
openchemistry,1
desktop,1
computational-chemistry,1
avogadro,1
plugin,1
metadata,1
pep8,1
naming-conventions,1
linter-plugin,1
linter-flake8,1
flake8-plugin,1
flake8-extensions,1
flake8,1
code4lib,1
cheminformatics,1
blueobelisk,1
users,1
social-login,1
datadog,1
hugo,1
certification,1
requirements-management,1
smile,1
jackson,1
postgresql-extension,1
orafce,1
oracle-to-postgres,1
extension,1
infrastructure-as-code,1
cfengine,1
public-transportation,1
open-transit-software-foundation,1
onebusaway,1
safety,1
nette-framework,1
nette,1
forms,1
system-simulation,1
system-modelling,1
system-modeling,1
standard-conforming,1
modelica-library,1
modelica,1
map-lib,1
cyber-physical-systems,1
rst,1
qgis,1
version-control,1
traceability,1
rbac,1
cakephp-plugin,1
go-xmpp,1
civictech,1
aspect-oriented-programming,1
aop-aspects,1
aop,1
annotations,1
emlog,1
jdeb,1
debian-packages,1
ant-task,1
plotting,1
mysociety,1
international,1
fixmystreet,1
councils,1
physical-sciences,1
cefsharp,1
multi-dimensional,1
materials-science,1
life-sciences,1
gsm,1
openlibm,1
math-library,1
yourkit,1
osgi-development,1
gradle-plugin,1
bndtools,1
bnd-gradle-plugins,1
bnd,1
xmpp-library,1
opam,1
authoring,1
eclipseiot,1
gateway,1
git-wrapper,1
git-php,1
verilog,1
openrisc,1
xsede,1
tacc,1
lmod,1
environment-modules,1
aspnet,1
web-scraping,1
text-analysis,1
scraping,1
r-studio,1
programming-historian,1
pedagogy,1
open-educational-resources,1
network-analysis,1
multi-lingual,1
linked-open-data,1
exhibits,1
dh,1
data-mining,1
data-manipulation,1
satis,1
composer-packages,1
composer,1
internet-of-things,1
snowplowanalytics,1
snowplow-javascript-tracker,1
snowplow,1
test-suite,1
message-digests,1
magnet-link,1
librhash,1
hash-functions,1
allergens,1
edon-r,1
digest,1
checksum,1
topology,1
locality,1
hardware,1
reactjs,1
comments,1
rubyspec,1
datepicker,1
mspec,1
language-specs,1
geany-plugins,1
geany,1
ember,1
statistical-models,1
regression,1
glm,1
mit-license,1
icc,1
color-management-system,1
color-management,1
persian-datepicker,1
rhash,1
sha3,1
3d-tiles,1
gltf,1
conda,1
amg,1
phpldapadmin,1
ldap-administration,1
sunxi,1
linux-sunxi,1
allwinner,1
pretty-print,1
parser-generator,1
lexer-generator,1
grammar-specification,1
bnfc,1
bnf-converter,1
bnf,1
abstract-syntax-tree,1
structure-alignment,1
structural-bioinformatics,1
sequence-alignment,1
protein-structure,1
protein-sequences,1
protein-modification,1
protein-data-bank,1
parser-library,1
nusmods,1
national-university-of-singapore,1
wavefront-obj,1
pbr,1
jalaali-date-picker,1
sonarlint,1
multigrid,1
molecular-dynamics,1
educacao,1
brasil,1
supybot,1
sasl,1
limnoria,1
ircv3,1
irc-bot,1
irc,1
gpg,1
online-shop,1
rmsd,1
pdb-files,1
molecular-dynamics-trajectories,1
mdtraj,1
irqbalance,1
dihedral-angles,1
bigtop,1
lldpd,1
lldp,1
cdp,1
b2b,1
proguard,1
obfuscation,1
minification,1
spaceweather,1
oceanography,1
meteorology,1
iris,1
software-publico,1
bible,1
biblestudy,1
commentary,1
cpu,1
puzzle,1
ndk,1
view-tracking,1
telemetry-collection,1
telemetry-,1
telemetry,1
rating,1
product-analytics-report,1
product-analytics,1
mobile-analytics,1
ios-sdk,1
crash-dump,1
analytics,1
speedindex,1
safari,1
har,1
firefox,1
publicsuffix,1
psl,1
pallets-eco,1
pallets,1
flask-mail,1
computer-vision,1
xmpp-server,1
vuejs,1
vue3,1
krylov,1
pyamg,1
braintree-sdk,1
tls-certificate,1
mesh-networks,1
gluon,1
freifunk,1
pastebin,1
yaml-parser,1
psych,1
libyaml,1
verification-library,1
snapshot-testing,1
podcast,1
approval-testing,1
approval-test,1
imagemagick,1
ssl-certificate,1
saml,1
ssl,1
signing-certificates,1
signing,1
pem,1
csr,1
certificate-signing-request,1
certificate,1
rollbar,1
nextjs,1
payment,1
payex,1
papyal,1
be2bill,1
openwrt,1
cone-programming,1
convex-optimization,1
first-order-methods,1
braintree-ios-sdk,1
xsl,1
docker-container,1
devops,1
deployment,1
chatbot,1
timezone,1
route,1
roads,1
road,1
places,1
googleapis,1
geolocation,1
distancematrix,1
directions,1
coordinate,1
plist,1
usable,1
git-annex,1
dataset,1
data-storage,1
scala-documentation,1
semidefinite-programming,1
quadratic-programming,1
optimization-algorithms,1
numerical-optimization,1
linear-programming,1
saml2,1
federation,1
sparse-matrix,1
accessibility,1
saas,1
razorpay,1
plans,1
subversion,1
build-management,1
jasperreports,1
boletos,1
quality-assurance,1
font,1
xapi,1
scorm,1
responsive,1
html5-elearning-courses,1
sqlserver,1
btrfs,1
firebirdsql,1
wms,1
tileserver,1
proxy,1
rock-rms,1
chms,1
owncloud-app,1
major-mode,1
emacs,1
phpmyfaq,1
mssql,1
faq,1
docker-compose,1
subscriptions,1
interview-website,1
static-site,1
build,1
irecovery,1
ibss,1
iboot,1
dfu,1
webtrees,1
genealogy,1
gedcom,1
family-tree,1
family-history,1
build-system,1
xmpp-client,1
spark,1
openfire,1
university,1
tcexam,1
multiple-choice,1
mcsa,1
mcma,1
exam,1
evaluation,1
essay,1
e-exam,1
computer-based-testing,1
computer-based-assessment,1
cbt,1
cba,1
build-automation,1
allergies,1
date,1
test,1
multiplanar-reconstruction,1
network-client,1
mina,1
sorted-lists,1
simd-compression,1
compression-schemes,1
swow,1
swoole,1
hyperf,1
element-plus,1
weasis,1
volume-rendering,1
viewer,1
medical,1
functional,1
export-dicom,1
ecg,1
dicomweb,1
dicom-web-viewer,1
dicom-seg,1
dicom-rt,1
dicom-pr,1
dicom-images,1
dicom-image-viewer,1
dicom-image,1
hapi,1
user-interface,1
cowboy,1
http2,1
starling-framework,1
sinatra,1
databases,1
slider,1
carousel,1
ruby-lang,1
jekyll,1
ostree,1
inspection,1
checkstyle,1
textile,1
static-site-generator,1
ssg,1
sinatra-application,1
sass,1
http2-client,1
haml,1
file-based-cms,1
web-crawler,1
stormcrawler,1
distributed,1
crawler,1
apache-storm,1
websocket-client,1
websocket,1
rest,1
production-ready,1
https,1
ui-components,1
starling,1
grading-system,1
pager-configurations,1
meteorjs,1
meteor-package,1
meteor,1
form-validation,1
form-generation,1
cleaning-data,1
iwoc2025,1
calculus,1
automatic-differentiation,1
properties,1
paginator,1
pagination,1
pager,1
logback,1
pagedlist,1
net-core,1
asp-net-mvc,1
asp-net-core-mvc,1
asp-net-core,1
computational-biology,1
option-parser,1
applicative,1
sso,1
servlet-container,1
cas-server,1
cas-client,1
jvm,1
macros,1
feathers-ui,1
phpstorm,1
as3,1
adobe-flash-player,1
adobe-air,1
actionscript-3,1
actionscript,1
lcov,1
gcovr,1
gcov,1
gcc,1
coverage-report,1
clang,1
phpstorm-plugin,1
drupal,1
slf4j,1
doctrine,1
annotation,1
uncertainty-quantification,1
uncertainty,1
sobol,1
sensitivity-analysis-library,1
sensitivity-analysis,1
salib,1
numpy,1
morris,1
joss,1
global-sensitivity-analysis,1
virtuoso-server,1
gps,1
gps-tracking,1
mariadb-native-binaries,1
chargingstation,1
spring-boot,1
restful-objects,1
rapid-application-development,1
rad,1
naked-objects,1
domain-driven-design,1
mysql-server,1
mysql-database,1
mariadb4j-db,1
mariadb4j,1
mariadb-server,1
mariadb-mysql,1
mobility,1
mariadb-database,1
mariadb-connector,1
edd,1
restore,1
dynamodb,1
json-ld,1
networking,1
network-emulator,1
thematic-maps,1
choropleth-maps,1
localization,1
l10n,1
emobility,1
ocpp,1
traccar,1
alchemy-cms,1
fhir-client,1
fhir,1
dotnet-core,1
parallel-algorithm,1
multiobjective-optimization,1
metaheuristics,1
java21,1
grammatical-evolution,1
genetic-programming,1
genetic-algorithm,1
evolutionary-strategy,1
evolutionary-algorithms,1
worldguard,1
smarthome,1
worldedit,1
thelia,1
e-commerce,1
react-native,1
javascript-errors,1
exception-handling,1
error-stack-trace,1
electron,1
bug,1
browser,1
metaprogramming,1
steve,1
gettext,1
ipsec,1
phone-number,1
release-badge,1
eeg,1
ecog,1
donders,1
dipole,1
connectivity,1
brain,1
bids,1
beamformer,1
analysis,1
lumen,1
error-notification,1
xdot,1
erlang-versions-badge,1
e164,1
codecov-badge,1
vtk,1
plugin-manager,1
mitk,1
3d-slicer,1
schedule,1
osem,1
conferences,1
conference,1
space,1
simulator,1
action,1
fieldtrip,1
ieeg,1
meg,1
seeg,1
pubsub,1
nats,1
eventmachine,1
cncf,1
testng,1
selenium,1
junit,1
fluentlenium,1
assertj,1
opensouce,1
headless-cms,1
dxp,1
dotcms,1
content,1
userscript-management,1
online-expected,1
express,1
wpf,1
mvvm-framework,1
mvvm-architecture,1
mvvm,1
catel,1
musicbrainz,1
catalyst,1
time-frequency,1
programming-competitions,1
competitive-programming-contests,1
fhir-profiles,1
performance-testing,1
formatting,1
cordova-plugin,1
pyglet,1
pygame,1
physics-engine,1
physics-2d,1
ziggy,1
product,1
pim,1
akeneo-pim,1
opencl,1
heterogeneous-parallel-programming,1
http-benchmarking,1
pandoc,1
concurrency,1
shazam,1
recognition,1
nearest-neighbor-search,1
locality-sensitive-hashing,1
fingerprints,1
audio-processing,1
audio,1
acoustic-fingerprints,1
tinytds,1
freetds,1
feature-toggles,1
hacktoberfest2022,1
pdf,1
splat-locators,1
xlsx,1
flask-sqlalchemy,1
flask-debugtoolbar,1
webframework,1
team-web-backend,1
tag-production,1
stacktrace,1
error-handler,1
symfony-application,1
oroplatform-application,1
orocrm-application,1
customer-retention,1
application,1
sym,1
pdf-generation,1
modify,1
kcd,1
fibex,1
dissector,1
dbf,1
dbc,1
convert,1
compare,1
canbus,1
can,1
arxml,1
pypandoc,1
feature-flags,1
nlog,1
govuk-publishing-frontend,1
eratosthenes,1
subtitle-formats,1
subtitle-format,1
substation-alpha,1
ssa,1
libass,1
ass,1
advanced-substation-alpha,1
sieve-of-eratosthenes,1
sieve,1
primes,1
prime-numbers,1
number-theory,1
avx512,1
mocking-framework,1
arm-sve,1
arm-neon,1
spiking-neural-networks,1
simulation-framework,1
differential-equations,1
computational-neuroscience,1
brian2,1
brian,1
biological-simulations,1
sse,1
server-sent-events,1
eventsource,1
subtitles,1
mockito,1
ioc,1
netns,1
zotero,1
citations,1
wxpython,1
robotframework-testing,1
robotframework-ide,1
robotframework,1
wireguard,1
rtnl,1
plan9,1
nl80211,1
nfnetlink,1
network-namespace,1
netlink,1
xctest,1
namespace,1
genl,1
generic-netlink,1
ethtool,1
dhcp,1
9p2000,1
9p,1
gocoin,1
standalone-environments,1
rez,1
resolved-environments,1
environment-configuration,1
jinja,1
profile,1
werkzeug,1
user-registration,1
php-pkpass,1
video-streaming,1
video-recording,1
video-player,1
streaming-video,1
professional,1
graphics-engine,1
graphics,1
casparcg-server,1
casparcg,1
broadcasting,1
broadcast,1
user-management,1
2d-game,1
web-based,1
presenter,1
presentation,1
interactive,1
swig,1
simpleitk,1
image-analysis,1
repository,1
open-access,1
dspace,1
retroarch,1
raspberry-pi,1
pkpass,1
games,1
freebasic,1
digital-signatures,1
govuk,1
container,1
writer,1
reader,1
pe,1
msil,1
il,1
disassembler,1
cil,1
elliptic-curves,1
ecdsa,1
ecdh,1
httplug,1
pixel-art,1
gitlab-api,1
psp,1
symplectic-integrator,1
planetary-science,1
n-body,1
astrophysics,1
solr-libraries,1
solarium,1
shoot-em-up,1
sdl2,1
retrogaming,1
retro,1
nintendo-gameboy,1
libretro,1
gameboy-emulator,1
file-replication,1
firmware-updater,1
firmware-update,1
firmware-tools,1
ssh,1
kibana,1
elasticsearch-security,1
elasticsearch-plugin,1
time-control,1
synchronization,1
sync-files,1
rsync-wrapper,1
posix-acl,1
acl-replication,1
gameboy-color-emulator,1
ubuntu,1
ruby-on-rails,1
rpm,1
pkgbuild,1
opensuse,1
openbuildservice,1
obs,1
kiwi,1
debian,1
archlinux,1
appimage,1
quickbasic,1
firmware-updates,1
puzzlescript,1
mopidy,1
mopidy-backend,1
gameboy,1
game-boy,1
statsd-metrics,1
statsd,1
prometheus-exporter,1
prometheus,1
solrnet,1
microsoft,1
sunpy,1
sun,1
solar-physics,1
solar,1
lie-group,1
kinematics,1
dynamics,1
computer-animation,1
textures,1
ktx-library,1
ktx,1
visionos,1
swift-package-manager,1
spm,1
openssl,1
carthage,1
spotify,1
fhir-parser,1
fhir-server,1
specs2,1
cpp-programming,1
ccid,1
discovery-interface,1
blacklight,1
msgpack,1
elfio,1
elf64,1
elf-parser,1
elf-loader,1
elf-header,1
elf-binaries,1
elf,1
cpp-project,1
cpp-library,1
pcsc,1
pixi,1
phaser,1
hilo,1
egret,1
dragonbones,1
demos,1
uikit,1
ria,1
qooxdoo-package,1
qooxdoo,1
backend-agnostic,1
workflow-engine,1
nfc,1
smartcard,1
dataflow,1
electronics,1
c-plus-plus-14,1
c-plus-plus-11,1
time-series-analysis,1
time-series,1
feature-extraction,1
asciidoctor,1
asciidoc,1
date-time,1
ogm,1
scikit-rf,1
microwave-engineering,1
engineering,1
nintendo-nes,1
smartcard-reader,1
nintendo,1
nestopia,1
skeleton,1
angular,1
taskwarrior3,1
taskwarrior2,1
tessellation,1
surface,1
nurbs,1
geometry,1
curve,1
tizen-wearable,1
dataflow-programming,1
brainweb,1
procedures,1
pointer-analysis,1
domjudge,1
wizard,1
step-wizard,1
jsdelivr,1
jquery-wizard-plugin,1
jquery-smart-wizard,1
jquery-plugin,1
bootstrap-support,1
bootstrap,1
ajax-support,1
slicing,1
program-analysis,1
dataflow-analysis,1
domjudge-homepage,1
callgraph,1
triggers,1
text-based,1
text-adventure,1
online,1
multi-user-dungeon,1
mudlet,1
mud,1
modern-cpp,1
lua-script,1
scheduling,1
icalendar,1
domjudge-developers,1
icpc,1
webgl2,1
quantitative-finance,1
webgl,1
terrain-rendering,1
terrain,1
openglobus,1
lidar,1
globe,1
earth,1
3dmap,1
trading-systems,1
stocks,1
stock-market,1
quickfix,1
messaging-library,1
pdf-format,1
hft-trading,1
fixprotocol,1
fintech,1
financial-markets,1
financial-information-exchange,1
financial-data,1
finance,1
system-information,1
profiler,1
subscription,1
programming-contest-jury,1
prebuilt,1
c-plus-plus-20,1
cran,1
r-package,1
io,1
allen-bradley,1
mcuxpresso,1
lpc,1
kinetis,1
kds,1
codewarrior,1
cdt,1
tuplespace,1
scheme,1
r7rs,1
r6rs,1
promises,1
futures,1
ethernet,1
fibers,1
concurency,1
trading,1
trade,1
exchange,1
ethereum,1
currency-pairs,1
crypto,1
btc,1
tractometry,1
tractography,1
tracking,1
cip,1
ethernet-ip,1
r-packages,1
game-formats,1
specification,1
bdd,1
utility-library,1
google-maps,1
web-standards,1
w3c-specification,1
w3c,1
respec,1
pre-processor,1
package,1
slade,1
map-editor,1
doom-editor,1
labview,1
doom,1
imposm,1
baremetal-os,1
codecov-uploader,1
codecov,1
ide,1
erlang-plugin,1
rockwell,1
portable,1
pccc,1
pascal,1
modbus,1
spherical-harmonics,1
self-supervised-learning,1
patch2self,1
json-patch,1
excelreader,1
excelgenerator,1
excel-import,1
excel-export,1
excel,1
abap,1
ubjson,1
streaming-json-read,1
messagepack,1
jsonpath,1
json-serialization,1
json-pointer,1
json-parsing,1
neuroanatomy,1
json-diff,1
json-construction,1
jmespath,1
csv-reader,1
csv-parser,1
bson,1
unifi-controller,1
unifi,1
ubiquiti,1
rc-script,1
pfsense,1
rcpp,1
excelwriter,1
sap,1
sap-netweaver,1
facebook,1
microstructure,1
dti,1
dki,1
diffusion-mri,1
denoising,1
contextual-enhancement,1
bundles,1
rsql,1
javacc,1
fiql,1
smtp-server,1
mta,1
gpl,1
operators,1
names,1
franchise,1
flags,1
canonicalization,1
brands,1
threads-api,1
messenger-platform,1
instagram-api,1
graph-api,1
facebook-messenger,1
facebook-ads,1
spatial-data,1
postgis,1
fhir-spec,1
graph-dracula,1
microservices,1
microservice,1
component-architecture,1
worldbank,1
twisted,1
micro-framework,1
klein,1
async-python,1
async,1
espass,1
barcode,1
svg,1
dracula,1
microservices-framework,1
window,1
timer,1
thread-safety,1
then,1
pool,1
lock-free,1
ha,1
coroutine,1
mapbox,1
leaflet-control,1
leaflet,1
slick-extension,1
microservices-architecture,1
zotonic,1
postgres,1
high-performance-computing,1
tinymce,1
radiation-transport,1
photon-transport,1
particle-transport,1
openmc,1
nuclear-fusion,1
nuclear-engineering,1
nuclear-energy,1
nuclear-data,1
neutronics,1
neutron-transport,1
monte-carlo-simulation,1
computational-physics,1
datastructures,1
tomcat,1
mrp,1
manufacturing,1
visual-basic,1
static-analyzer,1
sonarqube,1
roslyn,1
language-team,1
code-quality,1
mongodb-driver,1
treelib,1
tree,1
slick,1
vcf,1
neo4j-spatial-plugin,1
nengo,1
news-aggregator,1
gnome,1
feed,1
atom,1
text-analytics,1
quanteda,1
natural-language-processing,1
corpus,1
licenses,1
dialog,1
passwords,1
neural-networks,1
united-states,1
reactive,1
states,1
scrapers,1
government,1
rapid-development,1
javalite,1
conventions,1
agile,1
activejdbc,1
npm-cli,1
structuredefinition,1
hl7,1
fhirpath,1
driver,1
reactivemongo,1
sam,1
xcp-ng,1
htslib,1
cram,1
bcf,1
bam,1
xor,1
sat-solver,1
proof,1
dpll,1
cnf,1
cdcl-algorithm,1
xenserver,1
xen-orchestra,1
hypervisor,1
laravel-oci8,1
citrix,1
open-datasets,1
open-data,1
datasets-csv,1
datasets,1
parallel-computing,1
mpi4py,1
mpi-library,1
mpi-applications,1
skills,1
chamilo,1
oci8,1
django-admin,1
sorting,1
freesoftware,1
thrift,1
productivity-tools,1
productivity,1
polyglot-programming,1
platform-as-a-service,1
open-api,1
low-code-development-platform,1
graph-database,1
graalvm,1
full-stack,1
frontend-framework,1
data-modeling,1
backend-framework,1
finagle,1
software-as-a-service,1
cocoa,1
data-access,1
persian-calendar,1
jetpack-compose,1
android-app,1
unittest,1
unit-test,1
testing-tool,1
testing-library,1
testing-framework,1
python2,1
python-3,1
schema-design,1
web-application-framework,1
jasp,1
neko,1
neo4j-procedures,1
neo4j-database,1
geotools,1
geoserver,1
formatter,1
ast,1
wifi,1
sdr,1
ieee,1
802-11,1
minecraft-protocol,1
openfl,1
lime,1
memcache,1
haxe,1
hashlink,1
game-development,1
frontend,1
sms-gateways,1
sms-gateway,1
sms-bulk,1
playsms,1
mobile-phones,1
kannel,1
jasmin,1
memcached,1
python-2,1
nosetest,1
nose2,1
github-backups,1
squashfs-image,1
squashfs,1
mksquashfs,1
mkfs,1
lzo,1
filesystem,1
compression,1
archiving,1
rdbms,1
mirroring,1
mirrored-repositories,1
gitlab-mirror,1
backups,1
nose,1
textpattern,1
platform,1
cms-framework,1
cmf,1
treeview,1
tree-structure,1
phylogenomic,1
phylogenetics,1
avatar,1
spring-boot-3,1
monitoring,1
icinga,1
tar,1
tarball,1
zstd,1
binary,1
send,1
file,1
mmdb,1
maxmind,1
geoip2,1
geoip,1
workflow,1
wdl,1
reproducible-science,1
reproducibility,1
openwdl,1
mruby,1
groonga,1
full-text-search,1
synteny,1
sequence-alignments,1
genome-sequencing,1
genetic-maps,1
comparative-genomics,1
blast,1
allmaps,1
typelevel,1
scodec,1
encoding,1
decoding,1
apr,1
